Ticker;SimFinId;Currency;Fiscal Year;Fiscal Period;Report Date;Publish Date;Restated Date;Shares (Basic);Shares (Diluted);Cash, Cash Equivalents & Short Term Investments;Accounts & Notes Receivable;Inventories;Total Current Assets;Property, Plant & Equipment, Net;Long Term Investments & Receivables;Other Long Term Assets;Total Noncurrent Assets;Total Assets;Payables & Accruals;Short Term Debt;Total Current Liabilities;Long Term Debt;Total Noncurrent Liabilities;Total Liabilities;Share Capital & Additional Paid-In Capital;Treasury Stock;Retained Earnings;Total Equity;Total Liabilities & Equity
1COV.DE;854465;USD;2020;Q1;2020-03-31;2020-08-10;2021-05-13;182864685;182864685;1359437677;1869226806;2241085976;6246571990;5828368354;401652041;769097452;6999117847;13245689838;1522746749;735994262;2806047089;2041363395;4209622353;7015669443;6177055291;;;6230020395;13245689838
1COV.DE;854465;USD;2020;Q2;2020-06-30;2020-11-09;2021-08-06;182864685;182864685;1695026315;1443911305;2116855476;6286686296;5774543842;930667470;763257463;7468468776;13755155072;1127814780;585935022;2224790875;3102592028;5743705156;7968496032;5737096867;;;5786659040;13755155072
1COV.DE;854465;USD;2020;Q3;2020-09-30;2021-02-09;2021-11-08;182704602;182704602;1392553241;1797935771;1934620946;6675376865;6034007965;707959114;762866834;7504833914;14180210780;1361010509;162386661;2073642621;3257079226;6244292850;8317935471;5809704087;;;5862275308;14180210780
1COV.DE;854465;USD;2020;Q4;2020-12-31;2021-03-27;2022-03-01;182480924;182480924;1712472563;1899699717;1983176792;7170680727;6171340889;1364253908;705977547;8241572344;15412253072;1568176477;741753436;2819140069;2715389991;5862475712;8681615782;6686513693;;;6730637290;15412253072
1COV.DE;854465;USD;2021;Q1;2021-03-31;2021-05-13;2021-05-13;193160544;193160544;2576869642;2352689214;2323762708;8264544029;6308389011;1254687229;715931041;8279007283;16543551312;1695816457;768962970;3166247216;2757660309;5625000289;8791247506;7705298232;;;7752303806;16543551312
1COV.DE;854465;USD;2021;Q2;2021-06-30;2021-08-06;2021-08-06;193160544;193160544;1068017174;2728440718;2845236282;7704895037;6919836190;1078853876;2067401903;10066091970;17770987008;2222727963;775426223;4110722247;2830787347;5591738170;9702460418;7980628896;;;8068526589;17770987008
1COV.DE;854465;USD;2021;Q3;2021-09-30;2021-11-08;2021-11-08;193160544;193160544;642549404;2778878802;3096027040;8091406541;6866436208;880705330;2032578300;9779719840;17871126381;2449940666;172132501;3729144527;2768267894;5560115583;9289260110;8502873958;;;8581866270;17871126381
1COV.DE;854465;USD;2021;Q4;2021-12-31;2022-03-01;2022-03-01;184912207;184912207;798247215;2679503189;3332510582;8328989214;6898319777;563804981;2016203210;9478327970;17807317184;2805301461;219575165;4123896074;2686364913;4806637603;8930533677;8801304544;;;8876783507;17807317184
ADS.DE;847329;USD;2021;Q3;2021-09-30;2021-11-10;2021-11-10;195155924;195155924;5228819468;3429681135;4319818383;16670914832;2478236420;551767195;6170832265;9200835880;25871750713;6094197932;529366390;10042634550;2989917964;6411346171;16453980721;227545018;;8857749868;9420127971;25874108693
ADS.DE;847329;USD;2021;Q4;2021-12-31;2022-03-09;2022-03-09;195155924;195155924;5229777245;2487374919;4584775197;15945502762;2580008192;514629293;6273902901;9368540387;25314043149;6305924279;448299295;10252559152;2878493183;6101216182;16353775335;219575165;;8301542318;8963698676;25317474011
BAS.DE;854462;USD;2020;Q1;2020-03-31;2020-08-05;2021-05-13;918479000;918479000;4603550317;12568177879;12394937850;39732655757;24499671066;16294493656;21381350550;62175515273;101908171030;5241338448;9458684879;24560360248;15882910657;29491632149;54051992398;4734859638;;47381699572;47856178632;101908171030
BAS.DE;854462;USD;2020;Q2;2020-06-30;2020-11-04;2021-07-28;918479000;918479000;6125884579;10356291388;11891617369;38782951043;24101534026;15827955284;20818315412;60747804724;99530755767;4207277794;10371710731;23876852175;18353423343;33381775570;57258627746;4726028538;;42985823311;42272128020;99530755767
BAS.DE;854462;USD;2020;Q3;2020-09-30;2021-02-04;2021-10-27;918479000;918479000;6845941273;10892757069;12223393095;40938962462;22776189600;16694283411;21196716460;60667189472;101606151935;4965059797;5904332285;24685109061;19285460501;36462230899;61147339961;5012958020;;43118915776;40458811974;101606151935
BAS.DE;854462;USD;2020;Q4;2020-12-31;2021-03-24;2022-02-25;918479000;918479000;5410506978;11288485576;11937221700;35618475299;23429629845;15901190225;20801294517;60132114588;95750589888;6309674327;4048638129;19414382545;18864626381;35315572771;54729955317;5117144687;;45209991197;41020634570;95750589888
BAS.DE;854462;USD;2021;Q1;2021-03-31;2021-05-13;2021-05-13;918479000;918479000;5223645008;15103252331;12771052725;41731307056;23881241855;15169542242;21464673271;60515457370;102246764426;6453021545;5679237489;23033936262;18782945042;32166275494;55200211757;5171818350;;47762483711;47046552669;102246764426
BAS.DE;854462;USD;2021;Q2;2021-06-30;2021-07-28;2021-07-28;918479000;918479000;3704947965;15171382634;13431489943;39877858846;23852784919;15833625527;20299550780;59985961227;99863820074;6948734062;5254596334;23520459395;18005782215;30483642393;54004101788;5166698641;;45964473070;45859718285;99863820074
BAS.DE;854462;USD;2021;Q3;2021-09-30;2021-10-27;2021-10-27;918479000;918479000;3653689184;14490962815;14742087628;40703441562;24244744881;15859769896;20705417701;60809932478;101513374041;7351000988;5525924881;23959429365;17793313059;29670455635;53629885001;5059044946;;46514681959;47883489039;101513374041
BAS.DE;854462;USD;2021;Q4;2021-12-31;2022-02-25;2022-02-25;918479000;918479000;3238733688;13657117835;15859731213;40083903881;24648455930;14819036419;20380463653;59847956002;99931859883;8949975228;3911182632;22966189949;15740794665;28842112863;51808302813;4896983635;;46162247650;48124700690;99933003504
BAYN.DE;849702;USD;2020;Q1;2020-03-31;2020-06-20;2021-05-13;982420000;982420000;2525773412;15784704526;11041017371;36410198900;13354930366;2459567031;86228293272;102042790670;138452989571;5882436898;3531006954;24628773508;40619821254;59997325358;84626098866;53637099080;;;53826890704;138452989571
BAYN.DE;849702;USD;2020;Q2;2020-06-30;2020-09-19;2021-08-04;982420000;982420000;3467149344;14431403388;11154793064;36071349490;13051372216;2470398977;84611440320;100133211514;136204561005;5614843507;8119385314;40247788600;37388601910;56454619162;96702407763;39323729419;;;39502153242;136204561005
BAYN.DE;849702;USD;2020;Q3;2020-09-30;2020-12-20;2021-11-09;982420000;982420000;5919519527;11870581787;12210542352;45957761730;13437204184;2885575929;77348622141;93671402255;139629163985;6379809776;9649739746;41811644737;41110695119;61044534017;102856178755;36597747826;;;36772985230;139629163985
BAYN.DE;849702;USD;2020;Q4;2020-12-31;2021-02-25;2022-03-01;979500000;979500000;4997891722;11391043125;13071317388;42543494921;13980024974;2850145840;79918566381;96748737197;139292232118;6771183298;10218786488;43846929818;39593176591;58864455580;102711385399;36399582214;;;36580846719;139292232118
BAYN.DE;849702;USD;2021;Q1;2021-03-31;2021-05-13;2021-05-13;981690000;981690000;6689254683;15635982163;12603520040;43145090073;14234251858;3304853395;82474291799;100013397052;143158487125;6255357082;5962476201;34870903874;45701470106;66377896069;101248799944;41687917296;;;41909687181;143158487125
BAYN.DE;849702;USD;2021;Q2;2021-06-30;2021-08-04;2021-08-04;981690000;981690000;4080620297;15743319678;12191289616;39073534751;14244242584;3400316234;81060938231;98705497050;137779031802;6162471136;4464721175;33625081861;44146315310;67335653259;100960735120;36590725942;;;36818296682;137779031802
BAYN.DE;849702;USD;2021;Q3;2021-09-30;2021-11-09;2021-11-09;982420000;982420000;5088519690;11846488843;12549166724;37662827039;14190320433;3486272642;82070654344;99747247420;137410074459;6587015641;5649718803;33868838076;43591966409;66670690444;100539528521;36670117683;;;36870545938;137410074459
BAYN.DE;849702;USD;2021;Q4;2021-12-31;2022-03-01;2022-03-01;982420000;982420000;5219484659;11489956698;12938924065;37256873627;14510258842;3890597460;81852360983;100253217287;137510090914;7767471473;5021638286;33625878054;41720425035;65952603047;99578481102;37762353955;;;37931609812;137510090914
BMW.DE;825112;USD;2020;Q1;2020-03-31;2020-11-07;2021-02-06;659523810;659523810;21978311413;46716325449;20517357285;101062936240;25082287214;54544126492;70080557092;149706970799;250769907040;10594124303;51544977460;88575309457;80000479756;94611124470;183186433928;3111699878;;;67583473112;250769907040
BMW.DE;825112;USD;2020;Q2;2020-06-30;2020-11-05;2021-02-05;657142857;657142857;24944090967;43600394256;17835773981;98451401778;24427542986;52877331655;70196557656;147501432298;245952834077;11143779247;49156864537;85481531801;80381033511;96106560305;181588092107;3105896173;;;64364741969;245952834077
BMW.DE;825112;USD;2020;Q3;2020-09-30;2021-02-05;2021-02-05;659040590;659040590;26812491153;44474085038;18783113274;102694960342;25400077672;56206813401;74153460130;155760351204;258455311547;12899809477;50234722652;90587223934;80700329566;97428492209;188015716144;3294463206;;;70439595402;258455311547
BMW.DE;825112;USD;2020;Q4;2020-12-31;2021-03-27;2022-03-16;659040590;659040590;22234715145;45972017637;17763921523;97557272293;26056772643;58147745266;76609296629;160813814539;258371086832;11199045853;46491960561;85818010513;80364572467;99188652841;185006663354;3409442241;;;73364423478;258371086832
BMW.DE;825112;USD;2021;Q1;2021-03-31;2021-05-07;2021-05-07;659040590;659040590;25454120659;47529866386;19477181204;103982354831;26148356821;60949354971;78895841861;165993553654;269975908485;13153123668;49189524710;91026895625;80727853954;99989291630;191016187255;3445870115;;;78959721230;269975908485
BMW.DE;825112;USD;2021;Q2;2021-06-30;2021-08-03;2021-08-03;659125964;659125964;23817866658;46189635653;18080435050;100294879993;25846738065;61969077671;80168716443;167984532180;268279412173;13159368318;50703724026;89443729175;74941813902;95107712025;184551441201;3442458964;;;83727970972;268279412173
BMW.DE;825112;USD;2021;Q3;2021-09-30;2021-11-03;2021-11-03;659125964;659125964;27464565843;43632052060;17463195933;98460969621;25066500725;61288602310;79685558113;166040661150;264501630771;12478427340;50615208252;87069570815;72593934866;92129794751;179199365566;3370731648;;;85302265204;264501630771
BMW.DE;825112;USD;2021;Q4;2021-12-31;2022-03-16;2022-03-16;659125964;659125964;24941222817;43418701704;18215589757;98549222514;25605666416;60558144428;77778784218;163942595063;262491817577;13555335597;47026824864;87448096837;71295598737;89121213852;176569310690;3414851269;;;85922506887;262491817577
CON.DE;854464;USD;2020;Q1;2020-03-31;2020-08-04;2021-05-06;200205479;200205479;2819288365;8081481823;5702355543;18900707820;15875407268;230729235;10515228367;26621364870;45522072691;8377424343;3985624100;17503753194;3567420463;10901542596;28405295790;5150415019;;15243357023;17116776900;45522072691
CON.DE;854464;USD;2020;Q2;2020-06-30;2020-11-03;2021-08-05;200297297;200297297;2704552710;7129243236;5338066305;17588403668;15531243075;196816895;10576677850;26304737822;43893141491;5898228998;3773003021;14631524429;5746128196;13383108361;28014632790;5140808857;;14398692354;15878508701;43893141491
CON.DE;854464;USD;2020;Q3;2020-09-30;2021-02-03;2021-11-10;199805556;199805556;2938731275;9333728293;5172307234;19825425357;16003497562;204326813;10655952923;26863777300;46689202657;8106365511;3000998966;17038683324;6003049356;14890623218;31929306542;5452920731;;13731486199;14759896114;46689202657
CON.DE;854464;USD;2020;Q4;2020-12-31;2021-03-27;2022-03-09;199691668;199691668;3504486854;8768908951;5054179122;19700708912;16409923369;161707019;10997150585;27568780974;47269489886;8017615278;2611639912;17000464047;6134849482;15196524460;32196988508;5566251349;;14262893005;15072501378;47269489886
CON.DE;854464;USD;2021;Q1;2021-03-31;2021-05-06;2021-05-06;200000000;200000000;3457681772;7796898837;4998620891;26134014095;13551827353;158734205;9686522890;23397084449;49531098544;6839672518;2174188562;19568781809;6023342392;13174215913;32742997722;5625723452;;14954642403;16788100821;49531098544
CON.DE;854464;USD;2021;Q2;2021-06-30;2021-08-05;2021-08-05;199419355;199419355;2604179869;7398457190;5476628315;26418675109;13354188136;158336255;9809021319;23321545711;49740220821;6938499399;2247291154;21848717518;5648931875;12825357084;34674074603;5620154411;;13022705466;15066146218;49740220821
CON.DE;854464;USD;2021;Q3;2021-09-30;2021-11-10;2021-11-10;199419355;199419355;2695052632;8530462318;5820200718;19280372810;12955210788;203375729;9417652092;22576238610;41856611420;7062737999;2329212117;15152847651;5415453543;12212447256;27365294908;5503052480;;11914398651;14491316512;41856611420
CON.DE;854464;USD;2021;Q4;2021-12-31;2022-03-09;2022-03-09;200000000;200000000;2594989623;8107698618;5710898453;18360600856;13050541441;207452786;9369684008;22627678236;40988279093;7477334914;1849577681;14716339284;5310059415;11812915171;26529254455;5337963759;;11731946828;14459024637;40988279093
DPW.DE;854468;USD;2020;Q1;2020-03-31;2020-08-18;2021-02-17;1235054732;1256558547;3313629339;9219238470;344273178;16592422367;23517609757;805510961;16625525558;40948646277;57541068645;6902015156;3229767923;17583311194;15925944805;23746021770;41329332964;4315552562;;11571771854;16211735680;57541068645
DPW.DE;854468;USD;2020;Q2;2020-06-30;2020-11-17;2021-02-17;1220930233;1250000000;6229414452;9132656406;448262320;19468021544;23347087615;844759703;16255291354;40447138673;59915160218;6838478488;3953960021;18076976556;17540603706;25745896787;43822873344;4011231866;;11723105980;16092286874;59915160218
DPW.DE;854468;USD;2020;Q3;2020-09-30;2021-02-17;2021-02-17;1233333333;1270149254;6002465232;9809789909;542067704;19758601493;24645388583;872682274;16972326760;42490397618;62248999111;7530535400;4088872774;19363733208;18443152709;27277454400;46641187608;3828353165;;11494405492;15607811503;62248999111
DPW.DE;854468;USD;2020;Q4;2020-12-31;2021-04-26;2022-03-09;1247120730;1159731227;6913094325;10714878819;523520512;21776783763;26243999796;903937467;17030515794;44178453058;65955236822;9444834752;3872143742;20736897917;18902787330;28429906627;49166804544;5674056029;;12742179207;16788432277;65955236822
DPW.DE;854468;USD;2021;Q1;2021-03-31;2021-05-05;2021-05-05;1234109757;1234109757;8042774144;11795988394;572503779;24561014764;26976378076;953369451;17741590800;45671338328;70232353092;8831021453;3674871627;21938344819;19136089479;27604324327;49542669147;4393213211;;15844494066;20689683945;70232353092
DPW.DE;854468;USD;2021;Q2;2021-06-30;2021-08-05;2021-08-05;1234109757;1234109757;6509245596;12147942809;689936686;23371153724;27517998311;1016241820;17559069282;46093309414;69464463139;10086561295;4186579160;22475319702;18928105953;27173632007;49648951710;5713350047;;15091913487;19815511429;69464463139
DPW.DE;854468;USD;2021;Q3;2021-09-30;2021-11-04;2021-11-04;1234109757;1234109757;6964292356;12336948572;644907384;24210554179;27825336702;991530365;17529219358;46346086427;70556640606;10352708850;4023891960;23040996363;18867372706;26717086352;49758082716;5575442450;;16056661181;20798557890;70556640606
DPW.DE;854468;USD;2021;Q4;2021-12-31;2022-03-09;2022-03-09;1234109757;1234109757;7569625100;13360920086;678167047;25999071921;28479585116;1415802368;16830665147;46726052632;72725124553;11748414966;3754506603;23909676988;19000113525;26515988456;50425665444;5440203445;;17169176860;22299459109;72725124553
DTE.DE;1099105;USD;2021;Q4;2021-12-31;2022-02-24;2022-02-24;4743000000;4743000000;8710958512;17496252367;3265036963;44371337708;70641447724;;207061668156;277703115880;322074453589;12580970801;14001347652;44377055811;113473472033;184530054054;228907109866;87530437524;-42313964;-36803999848;93168487343;322075597209
DWNI.DE;1105024;USD;2020;Q1;2020-03-31;2020-05-14;2021-05-14;354530000;354530000;327942270;47999625;6841325;1734938198;28594535694;64330532;209322506;28868188733;30603126932;309294140;697153185;1227466292;10252389036;14923469861;16150936154;2978404366;-9599925;10987059171;14452190777;30603126932
DWNI.DE;1105024;USD;2020;Q2;2020-06-30;2020-08-13;2021-05-14;351500000;351500000;1453493326;51434521;6828566;3525412432;28228631239;70708700;207940850;28507280789;32032693222;254859707;1049065994;1539511230;11850866249;16577996169;18117507399;2788257713;-14868651;10720738567;13915185822;32032693222
DWNI.DE;1105024;USD;2020;Q3;2020-09-30;2020-11-13;2021-05-14;338846154;338846154;383419441;58996592;7944095;2682300539;30905686449;463444522;368933149;31738064121;34420364661;502113576;844410640;1606576525;12970371738;18089056327;19695632852;2840364678;-18808814;11471975104;14724731808;34420364661
DWNI.DE;1105024;USD;2020;Q4;2020-12-31;2021-02-13;2021-05-14;383471846;383471846;695602539;42811814;14668114;2082037499;33708639080;506825097;429310670;34644774848;36726812347;431695729;405937089;1101420375;13216806004;19129367961;20230788337;2442300703;-19199727;13603901125;16496024009;36726812347
DWNI.DE;1105024;USD;2021;Q1;2021-03-31;2021-05-14;2021-05-14;357087000;357087000;243946873;91721131;13257982;1799831354;34274897308;505129123;431607585;35211634018;37011465373;318312101;300594615;894672748;13224114137;19193701438;20088374186;2468636296;-19404864;13985845481;16923091186;37011465373
EOAN.DE;854469;USD;2020;Q1;2020-03-31;2020-08-23;2021-02-22;2607000000;2607000000;3251836717;18974748622;1316403530;27059651109;38758318525;5254579724;40718027385;84730925635;111790576744;22784925814;3422869866;31478927000;33176017218;68428707901;99907634902;17664965730;-1242473072;-4212932672;11882941842;111790576744
EOAN.DE;854469;USD;2020;Q2;2020-06-30;2020-11-22;2021-02-22;2607000000;2607000000;2440661673;16083475821;1484662425;23721557367;39171738755;4914364795;38181596677;82267700229;105989257596;17930492800;3071753342;26335135955;34563558050;70052276663;96387412619;17632018381;-1240155705;-6182055042;9601844977;105989257596
EOAN.DE;854469;USD;2020;Q3;2020-09-30;2021-02-22;2021-02-22;2607000000;2607000000;4219716702;13162665584;1714990066;22723618379;42298804722;5120436962;40579141658;87998383343;110722001722;19081016862;4718559181;27981908766;34491394222;72771421133;100753329899;18702504068;-1315448783;-6486120468;9968671823;110722001722
EOAN.DE;854469;USD;2020;Q4;2020-12-31;2021-04-26;2022-03-16;2293000000;2293000000;4506569511;14274579795;1348751023;23732532373;44031771912;5237590180;40747545283;90016907376;113749439750;20346940724;4076066310;29299260735;35087799609;73651823121;102951083856;19091207013;-1342788375;-6269128319;10798355893;113749439750
EOAN.DE;854469;USD;2021;Q1;2021-03-31;2021-05-11;2021-05-11;2293000000;2293000000;4206396188;17631911128;1232992349;26759429276;44258760582;5338145764;41495073918;91091980265;117851409541;18528632837;4916300874;28569746489;36324460838;72951444726;101521191216;19295185266;-1357135274;-2803460611;16330218325;117851409541
EOAN.DE;854469;USD;2021;Q2;2021-06-30;2021-08-11;2021-08-11;2607000000;2607000000;3294357372;20019000609;1346159189;27874405395;44550885513;5316004311;42835074382;92701964208;120576369604;19132799211;3080031490;27676936605;37161458908;75487261230;103164197836;19276084491;-1355791813;-1780831342;17412171767;120576369604
EOAN.DE;854469;USD;2021;Q3;2021-09-30;2021-11-10;2021-11-10;2607000000;2607000000;6447894852;26631020102;1522075746;37200663063;43583713481;5225282499;51764723242;100573719223;137774382287;23241424618;3482735673;40289616165;35805918209;78877950146;119167566312;18885057552;-1327542440;44801609;18606815975;137774382287
EOAN.DE;854469;USD;2021;Q4;2021-12-31;2022-03-16;2022-03-16;2608000000;2608000000;5981136014;33968964250;1201945306;44740727179;42153857262;5516826029;44547455288;92218138580;136958865760;24585556794;7467842862;46329216266;32171192584;70171419635;116500635901;18291068721;-1251120994;1404366161;20458229858;136958865760
FRE.DE;849704;USD;2020;Q1;2020-03-31;2020-08-23;2021-02-22;557396954;557847253;2237775657;8499795803;4125760938;18031307701;12744728226;;45330405220;58075133447;76106441148;2431981040;7270564007;17644000376;17024970719;28718120938;46362121314;5021753953;;;29744319834;76106441148
FRE.DE;849704;USD;2020;Q2;2020-06-30;2020-11-22;2021-02-22;555405405;555405405;3384545723;7958583598;4435263790;18891998956;12844312471;;44869185884;57713498356;76605497312;2254528179;5263502769;17008636383;17830267073;29582008976;46590645359;5021198813;;;30014851953;76605497312
FRE.DE;849704;USD;2020;Q3;2020-09-30;2021-02-22;2021-02-22;554545455;554545455;3105206809;8409058922;4710381435;19665141544;13561038617;;46589784636;60150823253;79815964798;2426453929;3538627323;16186094938;20820540165;33020568273;49206663211;5310861608;;;30609301586;79815964798
FRE.DE;849704;USD;2020;Q4;2020-12-31;2021-04-26;2022-02-22;562459222;563177335;2190676949;8272578115;4704529431;18808577488;14205413076;;46463339849;60668752926;79477330414;2245533312;3463106075;15637641174;20059541081;32806490407;48444131582;5424817334;;;31033198832;79477330414
FRE.DE;849704;USD;2021;Q1;2021-03-31;2021-05-06;2021-05-06;557451759;557743862;2262293881;9155239383;4931969399;20119590708;14541595992;;48461540957;63003136950;83122727658;2343047045;7371438134;19220458457;17852475742;30740439766;49960898223;5482778298;;;33161829434;83122727658
FRE.DE;849704;USD;2021;Q2;2021-06-30;2021-07-30;2021-07-30;560714286;560714286;2709175470;8872850685;5053515310;20350122055;14604261902;;48915668216;63519930118;83870052174;2409360051;6350307302;18306801712;19831164443;32895410600;51202212313;5500228243;;;32667839861;83870052174
FRE.DE;849704;USD;2021;Q3;2021-09-30;2021-11-02;2021-11-02;558448118;558448118;2844902227;8726882008;5018959295;20436608042;14466204031;;48900957180;63367161211;83803769253;2038473249;5002453439;18099850390;19516996049;32472914232;50572764622;5402130959;;;33231004630;83803769253
FRE.DE;849704;USD;2021;Q4;2021-12-31;2022-02-22;2022-02-22;558061878;558061878;3160967484;8056807499;4823791913;19968760218;14374167985;;47954301213;62328469198;82297229417;2437055611;4505865372;17225214272;19012693352;31577653465;48802867738;5242357072;;;33494361679;82297229417
MBG.DE;825113;USD;2020;Q1;2020-03-31;2020-06-18;2021-03-20;1069800000;1069800000;25563386912;64535772734;35523033403;136286937492;40722441144;59288917087;92154867757;192166225989;328453163482;15643464248;67996159549;114517176177;106699306092;144239427218;258756603396;16223873516;;51784423869;69696560086;328453163482
MBG.DE;825113;USD;2020;Q2;2020-06-30;2020-09-17;2021-03-20;1069800000;1069800000;31351929242;60628855508;33171411681;136289367390;40181705702;58817082741;89360597873;188359386317;324648753707;15050379859;67955246056;114019431000;105612585082;145805304601;259824735601;15836766337;;47400160851;64824018105;324648753707
MBG.DE;825113;USD;2020;Q3;2020-09-30;2020-12-18;2021-03-20;1069800000;1069800000;36929530645;61327250363;34503076716;141894399502;40996206681;63382200994;93282375217;197660782893;339555182396;17380045788;69572754374;118812128568;108258163814;152256771361;271068899930;16200113930;;50553654728;68486282466;339555182396
MBG.DE;825113;USD;2020;Q4;2020-12-31;2021-02-18;2022-03-11;1069825436;1069825436;33872611906;63353137146;31535253811;137455736472;42031899706;65290997812;95971207871;203294105390;340749841862;14761131889;70720585265;119025190880;103200322551;147492065926;266517256806;16194552516;;56181263889;74232585056;340749841862
MBG.DE;825113;USD;2021;Q1;2021-03-31;2021-05-13;2021-05-13;1069825436;1069825436;37371841436;64983397390;34739529323;147467331358;42753376961;67571114472;98170537518;208495028952;355962360311;18623849255;74535170970;129009809516;102545671663;145002551930;274012361447;17320951181;;62684945376;81949998864;355962360311
MBG.DE;825113;USD;2021;Q2;2021-06-30;2021-07-21;2021-07-21;1069800000;1069800000;37252968835;62347158159;34815914990;143823503296;42549707899;68094222390;98004723662;208648653952;352472157249;18416372809;73486083615;125434824280;98239518869;140173942918;265608767199;17300192515;;67778753958;86863390049;352472157249
MBG.DE;825113;USD;2021;Q3;2021-09-30;2021-10-29;2021-10-29;1069800000;1069800000;29692856440;45388746763;24403908495;169367770178;32808926306;55065894496;84210520711;172085341514;341453111693;13368564589;63292884857;130708696814;90816400188;122001857631;252710554445;17457300985;;69410662585;88742557247;341453111693
MBG.DE;825113;USD;2021;Q4;2021-12-31;2022-03-11;2022-04-27;1069774564;1069774564;34109629590;47280708649;24548960933;117711730173;31860127766;54697088582;92879151318;179436367667;297148097840;12185278055;59811360142;100266940735;84105293669;113205864801;213472805536;18024605108;;64260044481;83675292304;297148097840
MBG.DE;825113;USD;2022;Q1;2022-03-31;2022-04-27;2022-04-27;1069800000;1069800000;27037310112;47488335520;26863425914;113854885827;30900904819;54941797550;89817358596;175660060966;289514946793;14130615251;58354415174;101125440665;74278842254;100413076368;201538517033;18439577873;;68207479143;87976429759;289514946793
MRK.DE;1117110;USD;2020;Q1;2020-03-31;2020-08-30;2021-03-01;434285714;434285714;1777641313;4071692394;3799142795;10438539309;6742016404;1500677955;30689967634;38932661994;49371201303;1993915489;5228097172;11876321204;11234119314;16968695296;28845016500;4831962329;;13217000407;20525081363;49370097864
MRK.DE;1117110;USD;2020;Q2;2020-06-30;2020-11-29;2021-03-01;434777878;434777878;1700533223;3864748110;3895586795;10067729403;6682082298;1507791440;30006040900;38195914639;48263644042;1942837180;4865904004;11103028127;11162502735;17310414947;28413443075;4822950121;;12944538199;19853505111;48266948187
MRK.DE;1117110;USD;2020;Q3;2020-09-30;2021-03-01;2021-03-01;435135135;435135135;1907751211;4073685532;4004758819;10699995924;7041038916;2189299308;30574254105;39804592330;50504588255;1967331928;4748933664;11342533075;11724550617;18138239625;29480772700;5115763964;;14697745248;21022647305;50503420005
MRK.DE;1117110;USD;2020;Q4;2020-12-31;2021-04-26;2022-03-03;434912785;434912785;1764943867;3841137971;3928192635;10355927397;7657232821;1788794460;30042206701;39488233983;49844161380;2108392404;4012862239;11009433640;11668902531;18542643378;29552077019;5222087295;;14761131889;20293276890;49845353910
MRK.DE;1117110;USD;2021;Q1;2021-03-31;2021-05-12;2021-05-12;434777878;434777878;2769713020;4404060651;4172648597;12035837345;7896936339;1824780466;31143000318;40864717125;52900554471;2334610148;5179049977;12839753179;10923372107;17181139732;30020892911;5277882208;;16284418023;22879661559;52900554471
MRK.DE;1117110;USD;2021;Q2;2021-06-30;2021-08-05;2021-08-05;434777878;434777878;2251625835;4403313197;4291333945;11508577398;7948118791;1750729392;30743723238;40442571422;51951148820;2536992318;4418966211;11822841752;10500764123;16813745008;28636586761;5272657504;;17018438266;23312153903;51948740665
MRK.DE;1117110;USD;2021;Q3;2021-09-30;2021-11-11;2021-11-11;434857143;434857143;1963017906;4424748470;4433001398;11356029113;7971149588;1839223984;30516970264;40327343837;51683372951;2513606112;3704385742;11545846461;9661820866;15756018799;27301865260;5162796043;;17631791465;24380328700;51682193961
MRK.DE;1117110;USD;2021;Q4;2021-12-31;2022-03-03;2022-03-03;434777878;434777878;2370725613;4169640900;4460120545;11799877895;8253510251;1908702869;29912541794;40074754915;51874632811;2721817153;4257699690;11930250650;9457742798;15456033122;27386283772;5007914838;;17307554959;24490636279;51876920052
RWE.DE;858324;USD;2020;Q1;2020-03-31;2020-08-31;2021-03-02;614700000;614700000;5142028877;3610454611;1175163252;35228415010;21293075376;4760238750;14348026072;40401340199;75629755210;2522463093;2905356659;26514551910;4514171703;30079765494;56594317405;18477097329;;;19035437804;75629755210
RWE.DE;858324;USD;2020;Q2;2020-06-30;2020-11-30;2021-03-02;613043478;613043478;6262455900;2605868916;1278704062;29160179814;21022071012;5005779470;13316805187;39344655670;68504835485;2316205550;2423039567;20345822696;4571835111;29963087017;50308909714;17702506804;;;18195925771;68504835485
RWE.DE;858324;USD;2020;Q3;2020-09-30;2021-03-02;2021-03-02;636666667;636666667;9041081828;2648421308;1961490682;25859199672;22498146252;5220906407;13946560907;41665613567;67524813239;2274581511;1664755343;14930226871;4315513150;31466796619;46397023491;20861428893;;;21127789748;67524813239
RWE.DE;858324;USD;2020;Q4;2020-12-31;2021-04-26;2022-03-15;594569855;594569855;10724419056;3585936628;1946208373;29674907572;21348665622;8168828036;14317510862;43835004522;73509912094;3128005246;;37827040193;6198769070;14567942087;52394982281;20172831397;;;21114929813;73509912094
RWE.DE;858324;USD;2021;Q1;2021-03-31;2021-05-12;2021-05-12;614745000;614745000;11034257050;3927978561;1202860571;21109118293;23003804484;5503267907;28615546792;57122619184;78231737477;3210842248;5247750431;32102396125;1540336483;17993492463;50095888588;23338869854;;;28135848888;78231737477
RWE.DE;858324;USD;2021;Q2;2021-06-30;2021-08-12;2021-08-12;671250000;671250000;13288204662;3558050451;2042116265;24348865050;23268807096;5609799340;50598969241;79477575678;103826440728;3133010921;5985471672;32677472485;1694137727;42098178654;74775651139;23327806917;;;29050789588;103826440728
RWE.DE;858324;USD;2021;Q3;2021-09-30;2021-11-11;2021-11-11;677832512;677832512;8349605293;5287768955;6559898877;25378933005;23381724396;5852505037;117074859535;146309088969;171688021974;4359904034;6147252470;33447938741;7907484143;118600472250;152048410992;17491491687;;;19639610982;171688021974
RWE.DE;858324;USD;2021;Q4;2021-12-31;2022-03-15;2022-03-15;637286000;637286000;15856300351;7399225623;3234159206;104395411291;22854115125;20564586578;14933398484;58352100189;162747511480;5114271559;;112859347743;20349585896;30451187122;143310534865;17444789437;;;19436976615;162747511480
SAP.DE;858325;USD;2020;Q1;2020-03-31;2020-08-31;2021-03-02;1191000000;1191000000;9019515889;8033040821;;19125919857;5939815761;2861219072;41532365864;50333400698;69459320556;2031432438;5673886800;19273780774;13800719994;16230494155;35504274929;1959708859;-3389766676;32654090252;33953942188;69458217117
SAP.DE;858325;USD;2020;Q2;2020-06-30;2020-11-30;2021-03-02;1180000000;1180000000;8396933483;7251496596;;17669465356;5806483909;2958311035;40429516567;49194311512;66863776869;1874551520;4478217673;16851138811;15968932132;17994372934;34845511745;1957155141;-3383444341;31421316284;32019366504;66864878250
SAP.DE;858325;USD;2020;Q3;2020-09-30;2021-03-02;2021-03-02;1180000000;1180000000;9303937934;6536355191;;18244550317;5974427247;3835362662;41197145572;51006935481;69251485799;1983687420;4517620290;16132355467;16523719004;18806478261;34938833729;2074810870;-3588862046;35167810604;34311483820;69250317550
SAP.DE;858325;USD;2020;Q4;2020-12-31;2021-01-28;2022-03-03;1225000000;1225000000;8283310882;7862347919;;17971421681;6011541917;4351540657;41389126229;51752208805;69723630486;1630188018;2800059595;15313273112;16224365757;18717945235;34031218348;2115547582;-3663451055;38191954263;35688834548;69720052897
SAP.DE;858325;USD;2021;Q1;2021-03-31;2021-04-28;2021-04-28;1215909091;1215909091;14155909235;7975278962;;24199433429;5962476201;5132044404;44849343428;55943864034;80143297464;2057397791;5537015498;20230475651;14907998410;17924792009;38155267660;2650391180;-3702592862;40894848903;41988029803;80143297464
SAP.DE;858325;USD;2021;Q2;2021-06-30;2021-07-21;2021-07-21;1180000000;1180000000;10406846040;6763306052;;19868490861;5812084442;6083001989;44205315131;56100401563;75968892424;1295587913;5131780379;18497046034;13692774866;16388705479;34885751513;3029460214;-3698927575;39868226222;41086753145;75972504658
SAP.DE;858325;USD;2021;Q3;2021-09-30;2021-10-21;2021-10-21;1180000000;1180000000;11200402469;5930318359;;19956759220;5699236372;6943070541;44070636241;56712943154;76669702375;1346406275;4957651829;17108320024;13372101558;16145085411;33253405435;3341256904;-3621856461;40665713890;43415117949;76668523385
SAP.DE;858325;USD;2021;Q4;2021-12-31;2022-03-03;2022-03-03;1142408269;1142408269;13330042329;7264278386;;22922732364;5691799989;7344331832;45431474053;58467605874;81390338239;1806920631;5178314315;18452319233;12627859248;15450315019;33902634252;3598974194;-3513202645;42339123808;47487703987;81390338239
SIE.DE;849707;USD;2020;Q2;2020-03-31;2020-09-01;2021-03-03;806335000;817364000;19493365269;15829945553;9351651231;99745429270;11379773351;23242853279;35752548855;70375175485;170120604756;6842429414;9271100135;63219369204;40636372849;54805641694;118025010899;10354677894;-4701756448;43541729509;52098904176;170123915075
SIE.DE;849707;USD;2020;Q3;2020-06-30;2020-12-01;2021-03-03;806335000;817364000;22637797851;15188052562;9572107673;102746790102;11353041756;23604810915;35308092027;70265944698;173012734801;6752570722;7336302981;62898803031;44737020090;59060488079;121959291110;10414664614;-5086180328;43757891828;51054545071;173013836182
SIE.DE;849707;USD;2020;Q4;2020-09-30;2021-03-02;2021-12-02;806335000;817364000;26195655489;16441941549;9106503792;61881000562;11974555981;26602206267;44283660391;82860422640;144741423202;9197627242;9953484581;39855995302;45297700839;58363401726;98219397029;10969861528;-5407826305;38643352462;46523194422;144742591452
SIE.DE;849707;USD;2021;Q1;2020-12-31;2021-04-26;2021-04-26;804761905;814457831;26743669715;16535615993;9233757005;64538511609;11670095061;24490981225;44115248987;80276325274;144814836883;11039246881;11748802017;41292531328;43750334917;55329797726;96622329055;11185928027;-5336570140;41324729629;48188930239;144811259294
SIE.DE;849707;USD;2021;Q2;2021-03-31;2021-05-07;2021-05-07;804761905;814457831;39512402935;16814737313;9589136984;76889065456;12159980270;24316344728;45319399163;81795724162;158684789618;10729323458;12396213409;41736128140;52513662443;63195980328;104932108469;11324727388;-5570763089;43740494003;53749065335;158681173805
SIE.DE;849707;USD;2021;Q3;2021-06-30;2021-08-05;2021-08-05;804761905;814457831;21879301099;18212883629;10783722450;62626504252;12788512298;26782306661;62559075885;102129894845;164756399097;9673562546;15295402667;48413567695;49410544268;60138879131;108552446827;11392985911;-5609799340;46161941860;56202748192;164755195019
SIE.DE;849707;USD;2021;Q4;2021-09-30;2021-12-02;2022-02-10;803223000;813366337;20667690029;18295562685;10417553285;61709501645;12996003833;27074320242;62481739921;102552063996;164261565642;10412837327;11261709935;47102997836;48996455348;59399860757;106502858593;11306511545;-5663866680;46696246378;57761065027;164263923621
SIE.DE;849707;USD;2022;Q1;2021-12-31;2022-02-10;2022-02-10;803223000;813366337;24004597502;18201866310;11135434296;64460178095;12813125794;25611384519;62263282821;100687793135;165147971231;9704764859;12734215969;46537355224;48685074810;59031410856;105568766081;10913571889;-5337277586;47303581062;59580348770;165149114851
VNA.DE;858328;USD;2020;Q1;2020-03-31;2020-08-31;2021-03-02;548611111;548611111;489706527;233708522;389403860;1501340019;405403735;58467737282;1918109184;60791250202;62292590222;221349998;2121252428;3396056282;23911758409;35553377994;38949434277;9690407211;;11843549045;23343155945;62292590222
VNA.DE;858328;USD;2020;Q2;2020-06-30;2020-11-30;2021-03-02;542031873;542031873;1046202402;256401641;503000986;2149015820;411145759;61285939784;1867833092;63564918636;65713934456;220716876;1982927471;4114431324;25073283031;37573193470;41687624794;9670130638;;12343073695;24026309661;65713934456
VNA.DE;858328;USD;2020;Q3;2020-09-30;2021-03-02;2021-03-02;553404255;553404255;2008103831;330497745;568820615;3228573942;427462442;65212263623;1980649971;67620376037;70848949979;246266965;2091283186;3171446548;27000579300;40357992054;43529438602;11829693059;;13398535130;27319511377;70848949979
VNA.DE;858328;USD;2020;Q4;2020-12-31;2021-04-26;2021-05-04;557616841;557616841;731855440;320671220;690593914;2129142419;462224488;69748435102;2094797566;72305457157;74434599577;273685552;2179586423;3477177925;26736991549;41344764127;44821942052;11452816160;;15941974738;29612657524;74434599577
VNA.DE;858328;USD;2021;Q1;2021-03-31;2021-05-04;2021-05-04;572439024;572439024;2611340395;382553051;687245589;4079481140;463547270;70643832651;2094761196;73202141118;77281622258;267931768;2887226953;4318124820;28044007229;42823764794;47141889614;11575182726;;16427483704;30139732643;77281622258
VOW.DE;858327;USD;2020;Q1;2020-03-31;2020-08-31;2021-03-02;501295263;501295263;51770079153;62926957690;53932820913;213404129382;71179583007;92969206236;164401476929;328550266173;541954395556;24314293201;114022835203;201986839082;113807664467;201061053196;403047892279;;;;138907606716;541955498996
VOW.DE;858327;USD;2020;Q2;2020-06-30;2020-11-30;2021-03-02;501295263;501295263;69250470843;60813887621;50588660645;225705034344;70203165946;90144781587;164916478500;325264426034;550969460378;22789788515;119192620477;202334817714;119363334628;211745022290;414079840004;;;;136887417610;550967257615
VOW.DE;858327;USD;2020;Q3;2020-09-30;2021-03-02;2021-03-02;501295263;501295263;77361472884;65563322557;50823520331;240884841112;73269095362;93604812041;177799375456;344673282860;585558123972;27715547911;116966294573;212859707119;129294830111;229704694698;442564401818;;;;142996058653;585560460471
VOW.DE;858327;USD;2020;Q4;2020-12-31;2021-04-26;2022-03-15;501295263;501295263;81455737088;88544133271;52260226431;232476498220;76183563548;114111968761;170049956604;360345488914;592821987134;27042994655;118344256455;197257520350;141989734165;241990499691;439248020042;12597883121;;120173596923;153577544681;592825564723
VOW.DE;858327;USD;2021;Q1;2021-03-31;2021-05-05;2021-05-05;501295263;501295263;70005762123;70939847236;55426802726;245259413747;76218934716;101519985945;193262812612;371001733274;616261147022;30392116414;100331588626;204614055965;147642095670;249509199696;454123255661;;;;162139096631;616262352293
VOW.DE;858327;USD;2021;Q2;2021-06-30;2021-07-29;2021-07-29;501295263;501295263;75664260694;70309725886;54113672885;249947324824;75122425600;101659100352;195921549631;372703075584;622650400408;28687158036;105710822778;208313920272;143558606139;245749908961;454063829234;;;;168587775252;622651604486
VOW.DE;858327;USD;2021;Q3;2021-09-30;2021-10-28;2021-10-28;501295263;501295263;69187833525;64988272094;51614991546;230753049647;73854274891;100052605761;204577119582;378484000235;609237049882;26185361982;97847894959;195838447677;144861289576;246385274525;442223722202;;;;167013327680;609237049882
VOW.DE;858327;USD;2021;Q4;2021-12-31;2022-03-15;2022-03-15;501295263;501295263;85587426035;82362415794;50004813044;229122110549;72842917480;115071110085;187493175166;375407202733;604529313282;27016894302;104739641108;188003229977;155628472917;249379063172;437382293150;14486242809;;134194734642;167143589270;604525882420
