Ticker;SimFinId;Currency;Fiscal Year;Fiscal Period;Report Date;Publish Date;Restated Date;Shares (Basic);Shares (Diluted);Revenue;Cost of Revenue;Gross Profit;Operating Expenses;Selling, General & Administrative;Research & Development;Depreciation & Amortization;Operating Income (Loss);Non-Operating Income (Loss);Interest Expense, Net;Pretax Income (Loss), Adj.;Abnormal Gains (Losses);Pretax Income (Loss);Income Tax (Expense) Benefit, Net;Income (Loss) from Continuing Operations;Net Extraordinary Gains (Losses);Net Income;Net Income (Common)
1COV.DE;854465;USD;2020;Q1;2020-03-31;2020-08-10;2021-05-13;182864685;182864685;3070872610;-2462877350;607995260;-543995758;-455720585;-71723578;;73930458;-43034147;-12137836;30896310;;30896310;-7724077;23172233;;22068793;22068793
1COV.DE;854465;USD;2020;Q2;2020-06-30;2020-11-09;2021-08-06;182864685;182864685;2374578776;-2001210406;373368369;-457073372;-370064224;-64981515;;-74893950;-18723487;-12115197;-93617437;;-93617437;35244211;-58373225;;-57271844;-57271844
1COV.DE;854465;USD;2020;Q3;2020-09-30;2021-02-09;2021-11-08;182704602;182704602;3224368244;-2403088941;821279302;-522207465;-435757012;-73599709;;309586081;-25701486;-18691989;283884595;;283884595;-73599709;210284885;;209116636;209116636
1COV.DE;854465;USD;2020;Q4;2020-12-31;2021-03-27;2021-11-08;182480924;182480924;3556251966;-2496791209;1059460758;-605110329;-455297920;-88616135;;496971178;-16114625;-10891466;480856554;;480856554;-129480783;351375772;;358200912;358200912
1COV.DE;854465;USD;2021;Q1;2021-03-31;2021-05-13;2021-05-13;193160544;193160544;3985831574;-2725117989;1260713585;-605046099;-495366427;-87984791;;670130739;-34952862;-15668524;635177877;;635177877;-159095787;476082090;;473671547;473671547
1COV.DE;854465;USD;2021;Q2;2021-06-30;2021-08-06;2021-08-06;193160544;193160544;4763332516;-3387071377;1376261138;-693548920;-556284029;-104754784;;730875338;-21673403;-15653013;709201934;;709201934;-167366840;541835094;;540631016;540631016
1COV.DE;854465;USD;2021;Q3;2021-09-30;2021-11-08;2021-11-08;193160544;193160544;5072013833;-3614782523;1457231310;-702677881;-564736082;-112004024;;771059285;-23579794;-10610907;747479491;;747479491;-189817347;557662143;;556483154;556483154
1COV.DE;854465;USD;2021;Q4;2021-12-31;2022-03-01;2021-11-08;184912207;184912207;4969757488;-3831057848;1138699640;-675710428;-561912121;-98169227;;501098587;-10899293;-6611380;490199295;;490199295;-152482549;337716745;;338954426;338954426
ADS.DE;847329;USD;2021;Q3;2021-09-30;2021-11-10;2021-11-10;195155924;195155924;6781548947;-3381342555;3400206391;-2636221044;-794639080;;;793460090;-50696558;-50696558;742763532;;742763532;-176848460;565915072;594210825;1131830144;1131830144
ADS.DE;847329;USD;2021;Q4;2021-12-31;2022-03-09;2021-11-10;195155924;195155924;5853148166;-2987234260;2865913907;-2861953842;-8227011847;;;59806140;-24467266;-24467266;35338873;-7094680;28244193;99475253;127719446;98466461;213607059;213607059
BAS.DE;854462;USD;2020;Q1;2020-03-31;2020-08-05;2021-05-13;918479000;918479000;18485924847;-13490653446;4995271401;-3947003711;-2532394050;-545099198;;1599987526;-275859918;-114757726;1324127607;;1324127607;-351997255;972130352;24275672;976544110;976544110
BAS.DE;854462;USD;2020;Q2;2020-06-30;2020-11-04;2021-07-28;918479000;918479000;13965518962;-10517093105;3448425857;-3528826715;-2356956670;-528663178;;34142830;-1050718067;-116746451;-1016575236;;-1016575236;38548356;-978026880;15419342;-967013063;-967013063
BAS.DE;854462;USD;2020;Q3;2020-09-30;2021-02-04;2021-10-27;918479000;918479000;16134691966;-12135774393;3998917572;-7503665665;-2495380641;-605153170;;-3147263786;-107478941;-85282203;-3254742728;;-3254742728;711463862;-2543278865;15187241;-2479025150;-2479025150
BAS.DE;854462;USD;2020;Q4;2020-12-31;2021-03-24;2021-10-27;918479000;918479000;18851904646;-14075450190;4776454455;-4454683492;-2564922253;-702021180;;894430001;143891086;-107309236;1038321086;;1038321086;-261446964;776874122;396488803;1167992531;1167992531
BAS.DE;854462;USD;2021;Q1;2021-03-31;2021-05-13;2021-05-13;918479000;918479000;23382259614;-17237787474;6144472139;-3930389103;-2692575669;-615893539;;2619054131;89190062;-102448044;2708244193;;2708244193;-526703476;2181540716;;2070655774;2070655774
BAS.DE;854462;USD;2021;Q2;2021-06-30;2021-07-28;2021-07-28;918479000;918479000;23784152474;-17666232223;6117920251;-4155273132;-2929521742;-656222502;;2568298345;67428367;-86693615;2635726713;;2635726713;-475610804;2160115908;;1991544990;1991544990
BAS.DE;854462;USD;2021;Q3;2021-09-30;2021-10-27;2021-10-27;918479000;918479000;23189549069;-17404246447;5785302622;-4167728708;-2839007278;-616611630;;1912321347;182743408;-89603219;2095064756;;2095064756;-416183375;1678881380;-50696558;1477274136;1477274136
BAS.DE;854462;USD;2021;Q4;2021-12-31;2022-02-25;2021-10-27;918479000;918479000;22571817350;-17209627252;5362190099;-5109749200;-3150485337;-731414790;;1189272933;187620917;-92560783;1376893850;;1376893850;-273336272;1103557577;8870895;1000337339;1000337339
BAYN.DE;849702;USD;2020;Q1;2020-03-31;2020-06-20;2021-05-13;982420000;982420000;14173682603;-5137615119;9036067484;-6745326723;-4233898026;-1436678454;;2757495743;-719442667;-710615149;2038053076;;2038053076;-528547603;1509505473;132412760;1643021673;1643021673
BAYN.DE;849702;USD;2020;Q2;2020-06-30;2020-09-19;2021-08-04;982420000;982420000;11073290824;-4425351355;6647939468;-18854551981;-4048678841;-1285312352;;-11877299407;-303981327;-286359221;-12181280735;;-12181280735;1597003351;-10584277384;78198095;-10515991723;-10515991723
BAYN.DE;849702;USD;2020;Q3;2020-09-30;2020-12-20;2021-11-09;982420000;982420000;9937129090;-7938254428;1998874661;-13633470077;-5757132865;-3932327359;;-10980375772;-12850743;38552229;-10993226515;;-10993226515;1991865165;-9001361349;5792180346;-3205676254;-3205676254
BAYN.DE;849702;USD;2020;Q4;2020-12-31;2021-03-22;2022-03-01;979500000;979500000;11916894195;-4439718003;7477176191;-4601709510;-4186632118;-1568677620;;1434843375;-177461195;-144407850;1257382181;;1257382181;-1081168384;176213796;-301264;172408933;172408933
BAYN.DE;849702;USD;2021;Q1;2021-03-31;2021-05-13;2021-05-13;981690000;981690000;14858582295;-5662363694;9196218600;-5902212646;-4243759592;-1443914794;;3715850844;-419434347;-388097298;3296416497;;3296416497;-777399868;2519016628;;2517811357;2517811357
BAYN.DE;849702;USD;2021;Q2;2021-06-30;2021-08-04;2021-08-04;981690000;981690000;13069062469;-5473738528;7595323941;-10988415708;-4511680216;-1972279742;;-2746501888;-119203720;-245631909;-2865705608;;-2865705608;62612055;-2803093553;;-2811522099;-2811522099
BAYN.DE;849702;USD;2021;Q3;2021-09-30;2021-11-09;2021-11-09;982420000;982420000;11531698584;-4582733094;6948965489;-6693124717;-4440075336;-1843939943;;624864558;-396140550;-357233889;228724008;;228724008;-122614932;106109076;;100214127;100214127
BAYN.DE;849702;USD;2021;Q4;2021-12-31;2022-03-01;2021-11-09;982420000;982420000;12691270021;-4175995576;8515274444;-4708436433;-4921514848;-1135878297;;2371331708;-608789942;-611702088;1762541766;;1762541766;-377035485;1385506279;;1375043771;1375043771
BMW.DE;825112;USD;2020;Q1;2020-03-31;2020-11-07;2021-05-07;659523810;659523810;25657179284;-21757623478;3899555805;-2658186173;-2388946892;;;1517229550;-636684691;-58482302;880544859;;880544859;-247170486;633374372;;611305579;611305579
BMW.DE;825112;USD;2020;Q2;2020-06-30;2021-02-06;2021-08-03;657142857;657142857;-3637043888;1160809306;-2476234582;206236986;190571587;;;-2251491312;1040197911;-29717309;-1211293400;;-1211293400;344190058;-867103341;;-864879460;-864879460
BMW.DE;825112;USD;2020;Q3;2020-09-30;2021-02-05;2021-02-05;659040590;659040590;30705098034;-26014576837;4690521196;-2662440300;-2452155415;;;2247711776;630854656;-50234722;2878566432;;2878566432;-758193837;2120372595;;2086493364;2086493364
BMW.DE;825112;USD;2020;Q4;2020-12-31;2021-02-03;2022-03-16;659040590;659040590;34768201100;-29214675634;5553525465;-3257015761;-2996469828;;;2548777471;77282960;-192199728;2626060431;;2626060431;-674355845;1951704586;;1933491457;1933491457
BMW.DE;825112;USD;2021;Q1;2021-03-31;2021-05-07;2021-05-07;659040590;659040590;32274749894;-26019392812;6255357082;-2814308051;-2499732290;;;3645945120;882258455;-37363404;4528203575;;4528203575;-1113670509;3414533066;;3388017101;3388017101
BMW.DE;825112;USD;2021;Q2;2021-06-30;2021-08-03;2021-05-07;659125964;659125964;2171270616;-1122123803;1049146812;171381630;30349601;;;2385904738;291572066;31337580;2677476805;;2677476805;-319270446;2358206358;;2359413862;2359413862
BMW.DE;825112;USD;2021;Q3;2021-09-30;2021-11-03;2021-08-03;659125964;659125964;64640998350;-52264710823;12376287528;-5668655076;-5113679359;;;7022883717;1505781245;-105225914;8528664962;;8528664962;-2091227020;6437437943;;6387382323;6387382323
BMW.DE;825112;USD;2021;Q4;2021-12-31;2022-03-16;2021-11-03;659125964;659125964;32447166933;-26130685736;6316481196;-3853429905;-3334468111;;;2790051883;465696392;75778338;3255748274;;3255748274;-729092718;2526655556;;2506241456;2506241456
CON.DE;854464;USD;2020;Q1;2020-03-31;2020-08-04;2021-05-06;200205479;200205479;9274962174;-7090151620;2184810553;-2144314317;-962640771;-967275217;;546864702;-59806430;-39834172;487058271;105819864;592878136;-146757476;446120659;-123474899;322535416;322535416
CON.DE;854464;USD;2020;Q2;2020-06-30;2020-11-03;2021-08-05;200297297;200297297;6233049011;-5203807886;1029241125;-1886116027;-813260189;-849055092;;-666446019;2312901;-43834988;-664133117;-68505936;-732639054;153312321;-579326732;-232942212;-816233919;-816233919
CON.DE;854464;USD;2020;Q3;2020-09-30;2021-02-03;2021-11-10;199805556;199805556;10139353055;-7448290645;2691062409;-3792137435;-896397737;-920930973;;-790554344;-122549358;-55608669;-913103702;39837303;-873266399;129208379;-744058019;-77571757;-840321767;-840321767
CON.DE;854464;USD;2020;Q4;2020-12-31;2021-03-27;2021-11-10;199691668;199691668;10776369871;-8094954466;2681415406;-2706090790;-1004950073;-1085952841;;-1033336445;1309295844;-59058113;275959400;5455213;281414612;-73895616;207518996;35282830;215793179;215793179
CON.DE;854464;USD;2021;Q1;2021-03-31;2021-05-06;2021-05-06;200000000;200000000;10335561385;-7730488399;2605072986;-2256026471;-977354346;-984947554;;792586284;-48451898;-49657169;744134385;-47487681;696646703;-153310485;543336218;2048960;539479350;539479350
CON.DE;854464;USD;2021;Q2;2021-06-30;2021-08-05;2021-08-05;199419355;199419355;10059349133;-7610495323;2448853809;-2351323492;-1045019284;-1064043716;;560257487;-75495689;-40457020;484761797;159058702;643820499;-87295654;556524845;121009837;656583726;656583726
CON.DE;854464;USD;2021;Q3;2021-09-30;2021-11-10;2021-11-10;199419355;199419355;9479666952;-7377292459;2102374492;-2218858678;-994124143;-996953718;;449077189;-22400804;-37845570;426676384;-40203549;386472834;-76398534;310074299;64490738;364425726;364425726
CON.DE;854464;USD;2021;Q4;2021-12-31;2022-03-09;2021-11-10;200000000;200000000;10054815587;-8054015985;2000799602;-2691554292;-999342631;-1128245744;;-2164541161;2450648575;36003580;286107414;12079486;298186901;-108680066;189506835;-2166566;162935574;162935574
DPW.DE;854468;USD;2020;Q1;2020-03-31;2020-08-18;2021-05-05;1235054732;1256558547;17063591108;-8482140768;8581450339;-8392762155;;;-1126611906;654339726;-167722830;-134619640;486616895;;486616895;-116964605;369652290;;332135341;332135341
DPW.DE;854468;USD;2020;Q2;2020-06-30;2020-11-17;2021-08-05;1220930233;1250000000;17552718904;-9009301665;8543417239;-8109472880;;;-1037501487;1038602869;-204856981;-168511388;833745887;;833745887;-200451455;633294432;;578225351;578225351
DPW.DE;854468;USD;2020;Q3;2020-09-30;2021-02-17;2021-11-04;1233333333;1270149254;18951341182;-9504876825;9446464357;-8452284148;;;-1053760926;1607511124;-212621384;-196265893;1394889740;;1394889740;-334119318;1060770422;;994180208;994180208
DPW.DE;854468;USD;2020;Q4;2020-12-31;2021-04-26;2021-11-04;1247120730;1159731227;22559599101;-11459142574;11100456528;-9514834458;-25353027544;;-1147789960;2293410863;-225259955;-206881319;2068150907;;2068150907;-489558813;1578592093;;1512402650;1512402650
DPW.DE;854468;USD;2021;Q1;2021-03-31;2021-05-05;2021-05-05;1234109757;1234109757;22731413212;-11550113086;11181300126;-9377009268;;;-1120902136;2303273099;-185611751;-178380124;2117661347;;2117661347;-592993388;1524667959;;1434272625;1434272625
DPW.DE;854468;USD;2021;Q2;2021-06-30;2021-08-05;2021-08-05;1234109757;1234109757;23447010638;-12300860713;11146149924;-9326788086;;;-1147486321;2455115015;-145693436;-180611698;2309421578;;2309421578;-646589878;1662831699;;1555668759;1555668759
DPW.DE;854468;USD;2021;Q3;2021-09-30;2021-11-04;2021-11-04;1234109757;1234109757;23622238302;-12605758231;11016480070;-9538026944;;;-1147157010;2091527787;-170953511;-155626644;1920574276;;1920574276;-538798308;1381775967;;1281561840;1281561840
DPW.DE;854468;USD;2021;Q4;2021-12-31;2022-03-09;2021-11-04;1234109757;1234109757;26837245563;-15430842819;11406402745;-9818106680;-28235644176;;-1038954073;2548356219;-191668992;-141868147;2356687227;;2356687227;-511581459;1845105769;;1705468056;1705468056
DTE.DE;1099105;USD;2021;Q4;2021-12-31;2022-02-24;2021-11-12;4743000000;4743000000;33110159167;-16000556718;17109602448;-14350436590;-5445208524;;-7823234958;2990049610;-1698285433;-1299001471;1291764176;-319658123;972106054;-79011639;893094414;;502210458;502210458
DWNI.DE;1105024;USD;2020;Q1;2020-03-31;2020-05-14;2021-05-14;354530000;354530000;428289074;-165405607;262883467;-101626793;-62675373;;-10372332;163132521;-55514049;-56065769;107618471;30223212;137841683;551719;138393403;;2891011;2891011
DWNI.DE;1105024;USD;2020;Q2;2020-06-30;2020-08-13;2021-05-14;351500000;351500000;432622700;-164986966;267635734;-82273207;-62007785;;-10573263;186904461;-42623468;-43284297;144280992;62338199;206619192;-106063050;100556142;;98353378;98353378
DWNI.DE;1105024;USD;2020;Q3;2020-09-30;2020-11-13;2021-05-14;338846154;338846154;421037070;-143227372;277809698;-89955201;-70094961;;-11916143;192293845;-38552229;-39720478;153741616;-21262138;132479477;-25935135;106544341;;102922768;102922768
DWNI.DE;1105024;USD;2020;Q4;2020-12-31;2021-02-13;2021-05-14;383471846;383471846;409435933;-141884734;267551198;-90354415;-69799484;;-12798327;203765523;-38371015;-46159688;165394509;1914458881;2079853389;-664570796;1415282593;;1376157512;1376157512
DWNI.DE;1105024;USD;2021;Q1;2021-03-31;2021-05-14;2021-05-14;357087000;357087000;461498309;-161867910;299630398;-70267305;-68459399;;-11811656;230447837;-46523465;-39532892;183924372;87382155;271306527;-30613886;240692641;;4097921;4097921
EOAN.DE;854469;USD;2020;Q1;2020-03-31;2020-08-23;2021-05-11;2607000000;2607000000;19492261829;-15172295508;4319966321;-8805448593;-1506195154;;-977647550;284687435;-334342221;-560547354;-49654785;;-49654785;-196412261;-246067047;-98206130;-483306576;-483306576
EOAN.DE;854469;USD;2020;Q2;2020-06-30;2020-11-22;2021-08-11;2607000000;2607000000;14139537258;-10609609161;3529928097;-3352605656;-1625639273;;-1013271091;924059180;269838497;-270939878;1193897677;;1193897677;-518750743;675146934;28635922;659727591;659727591
EOAN.DE;854469;USD;2020;Q3;2020-09-30;2021-02-22;2021-11-10;2607000000;2607000000;14966442602;-11566836953;3399605649;-3723210723;-1651904600;;-1070116417;989507211;-114488437;-344633562;875018773;;875018773;-49066473;825952300;28037984;817774554;817774554
EOAN.DE;854469;USD;2020;Q4;2020-12-31;2021-04-26;2021-11-10;2293000000;2293000000;20820049459;-16358603429;4461446030;-7097419304;-1907417620;;-1691618226;637664367;-159940820;-406197875;477723547;;477723547;-216687317;261036230;-1785762;192134182;192134182
EOAN.DE;854469;USD;2021;Q1;2021-03-31;2021-05-11;2021-05-11;2293000000;2293000000;22179399042;-17575263386;4604135656;-6545827420;-1740411488;;-1154649727;1681353204;-43389760;-367607689;1637963444;;1637963444;-409792178;1228171265;;965422162;965422162
EOAN.DE;854469;USD;2021;Q2;2021-06-30;2021-08-11;2021-08-11;2607000000;2607000000;17625293571;-15426647167;2198646404;-7525487417;-1712198897;;-1166751569;2600808451;-31306027;-493671974;2569502423;;2569502423;-458753712;2110748710;;2103524243;2103524243
EOAN.DE;854469;USD;2021;Q3;2021-09-30;2021-11-10;2021-11-10;2607000000;2607000000;17740258521;-25643026705;-7902768184;-16429221937;-1641153709;;-1035152986;1237939220;113183014;-356054899;1351122234;;1351122234;-17684846;1333437388;;1457231310;1457231310
EOAN.DE;854469;USD;2021;Q4;2021-12-31;2022-03-16;2021-11-10;2608000000;2608000000;33947383613;-33555587457;391796156;-17412540800;-1808286380;;-1282059879;1590654402;100038476;-663498622;1690692879;;1690692879;-86797514;1603895364;;1020227480;1020227480
FRE.DE;849704;USD;2020;Q1;2020-03-31;2020-08-23;2021-05-06;557396954;557847253;10079921415;-7141461565;2938459850;-1697090217;-1491850438;-205239779;;1241369632;-200826020;-200826020;1040543611;;1040543611;-235032650;805510961;;506478810;506478810
FRE.DE;849704;USD;2020;Q2;2020-06-30;2020-11-22;2021-07-30;555405405;555405405;9824324065;-7038929944;2785394121;-1548542560;-1330468998;-218073561;;1236851561;-183930730;-183930730;1052920830;;1052920830;-246709483;806211347;;452667846;452667846
FRE.DE;849704;USD;2020;Q3;2020-09-30;2021-02-22;2021-11-02;554545455;554545455;10418447828;-7502497415;2915950412;-1615688870;-1422927725;-192761145;;1300261542;-179910402;-179910402;1120351140;;1120351140;-246500615;873850524;;498842478;498842478
FRE.DE;849704;USD;2020;Q4;2020-12-31;2021-04-26;2021-11-02;562459222;563177335;11055606428;-7931703358;3123903071;-1900627302;-1946274464;-239423311;;1223275769;-186209008;-186209008;1037066760;;1037066760;-301496776;735569984;;488981914;488981914
FRE.DE;849704;USD;2021;Q1;2021-03-31;2021-05-06;2021-05-06;557451759;557743862;10828155689;-7865599290;2962556398;-1750053657;-1525873230;-224180427;;1212502740;-165122142;-165122142;1047380598;;1047380598;-238643680;808736917;;524292934;524292934
FRE.DE;849704;USD;2021;Q2;2021-06-30;2021-07-30;2021-07-30;560714286;560714286;11132905066;-7980628896;3152276169;-1922912545;-1685709181;-237203363;;1229363624;-145693436;-145693436;1083670188;;1083670188;-231182973;852487214;;567120731;567120731
FRE.DE;849704;USD;2021;Q3;2021-09-30;2021-11-02;2021-11-02;558448118;558448118;10992900275;-8018309178;2974591097;-1786169446;-1532686653;-253482792;;1188421651;-148552706;-148552706;1039868945;;1039868945;-236976936;802892008;;486922759;486922759
FRE.DE;849704;USD;2021;Q4;2021-12-31;2022-02-22;2021-11-02;558061878;558061878;11403782044;-8301918034;3101864009;-1815885423;-1703533391;-236508933;;1285978586;-138956001;-138956001;1147022585;;1147022585;-277991227;869031358;;571827378;571827378
MBG.DE;825113;USD;2020;Q1;2020-03-31;2020-06-18;2021-05-13;1069800000;1069800000;41073334960;-34771590985;6301743974;-6275261422;-4203001715;-1900123117;;656546605;-60689182;-84964854;595857423;;595857423;-410479558;185377865;;103723329;103723329
MBG.DE;825113;USD;2020;Q2;2020-06-30;2020-09-17;2021-07-21;1069800000;1069800000;33244102868;-30275879397;2968223470;-5468359751;-3601517902;-1700533223;;-1930721982;12115197;-66082897;-1918606784;;-1918606784;-180626585;-2099233370;;-2203864624;-2203864624
MBG.DE;825113;USD;2020;Q3;2020-09-30;2020-12-18;2021-10-29;1069800000;1069800000;36940044889;-30057887886;6882157003;-4515283791;-2969689883;-1453302208;;2933474153;-11682493;-11682493;2921791659;;2921791659;-806092061;2115699598;405382529;2393742946;2393742946
MBG.DE;825113;USD;2020;Q4;2020-12-31;2021-03-20;2022-03-11;1069825436;1069825436;27603765297;-20738159512;6865605786;-3015279824;-2308244625;-463865518;;4802678695;390938226;9932471;5193616921;;5193616921;-798984716;4394632206;-430468730;3842200764;3842200764
MBG.DE;825113;USD;2021;Q1;2021-03-31;2021-05-13;2022-04-27;1069825436;1069825436;39631724775;-30729592326;8902132449;-5524962787;-3488054604;-1827191009;;4745152376;869000473;-51826657;5614152849;;5614152849;-1431862083;4182290766;1088359816;5170613079;5170613079
MBG.DE;825113;USD;2021;Q2;2021-06-30;2021-07-21;2021-07-21;1069800000;1069800000;52355719024;-40497959009;11857760014;-6921040268;-4474353799;-2151687362;;5390657147;736895727;-115591486;6127552875;;6127552875;-1667648011;4459904863;;4332272596;4332272596
MBG.DE;825113;USD;2021;Q3;2021-09-30;2021-10-29;2021-10-29;1069800000;1069800000;37311488098;-29395751027;7915737071;-5306632790;-3426144165;-1592815130;;3271696510;122614932;-23579794;3394311442;;3394311442;-1008036222;2386275220;647265363;2912104641;2912104641
MBG.DE;825113;USD;2021;Q4;2021-12-31;2022-03-11;2022-04-27;1069774564;1069774564;29022400894;-21426478643;7595922252;-4955070121;-2803172437;-892742476;;3571245787;-11598559;-65592991;3559647228;;3559647228;-1522082308;2037564920;12862861483;14788377912;14788377912
MBG.DE;825113;USD;2022;Q1;2022-03-31;2022-04-27;2022-04-27;1069800000;1069800000;39104873486;-30170591185;8934282300;-5163799777;-3180398081;-1544764782;;5328709308;490241256;-47117008;5818950564;;5818950564;-1796055495;4022895069;;3915199049;3915199049
MRK.DE;1117110;USD;2020;Q1;2020-03-31;2020-08-30;2021-05-12;434285714;434285714;4822031372;-1825089219;2996942152;-2337085228;-1487436679;-638891570;;783442168;-108137087;-108137087;675305080;6620638;681925718;-175446908;506478810;;504271930;504271930
MRK.DE;1117110;USD;2020;Q2;2020-06-30;2020-11-29;2021-08-05;434777878;434777878;4536590899;-1773224410;2763366488;-2342638709;-1468141701;-572718443;;546285284;-113442307;-113442307;432842977;-5506908;427336069;-110138162;317197907;;318299288;318299288
MRK.DE;1117110;USD;2020;Q3;2020-09-30;2021-03-01;2021-11-11;435135135;435135135;5195204921;-2074810870;3120394051;-2286264005;-1486013191;-620340412;;1363347007;-119161435;-119161435;1244185572;-1168249;1243017323;-301408335;941608987;;940440738;940440738
MRK.DE;1117110;USD;2020;Q4;2020-12-31;2021-04-26;2021-11-11;434912785;434912785;5457116798;-2130221836;3326894961;-1821036088;-1710835382;-777283227;;742845437;-64292989;-64292989;678552449;-6841691;671710757;-144266841;527443917;;521709406;521709406
MRK.DE;1117110;USD;2021;Q1;2021-03-31;2021-05-12;2021-05-12;434777878;434777878;5581610529;-2074271587;3507338942;-2402105330;-1542747026;-691825619;;1264329398;-72316266;-72316266;1192013131;-7231626;1184781505;-284443982;900337522;;899132251;899132251
MRK.DE;1117110;USD;2021;Q2;2021-06-30;2021-08-05;2021-08-05;434777878;434777878;5863859796;-2182993390;3680866405;-2602012529;-1615872658;-704385622;;1264281886;-114387408;-114387408;1149894477;;1149894477;-250448221;899446256;;897038100;897038100
MRK.DE;1117110;USD;2021;Q3;2021-09-30;2021-11-11;2021-11-11;434857143;434857143;5863115945;-2191741914;3671374030;-2609104280;-1622289873;-778133224;;1234402251;-63665445;-63665445;1170736805;1178989;1171915795;-269988648;901927146;;898390176;898390176
MRK.DE;1117110;USD;2021;Q4;2021-12-31;2022-03-03;2021-11-11;434777878;434777878;5964229179;-2241957191;3722271988;-2029828978;-1772842062;-672539546;;1175660740;-52702810;-52702810;1122957930;7163722;1130121653;-210641909;919479744;;914832808;914832808
RWE.DE;858324;USD;2020;Q1;2020-03-31;2020-08-31;2021-05-12;614700000;614700000;4196381077;-2277499485;1918881591;-505375370;-630064053;;-395031403;1413506221;-281377116;-404962360;1132129104;;1132129104;-345376617;786752487;33103190;791166245;791166245
RWE.DE;858324;USD;2020;Q2;2020-06-30;2020-11-30;2021-08-12;613043478;613043478;2942891693;-1743487107;1199404585;-865685954;-615672326;;-415220871;333718631;156396190;69387042;490114821;;490114821;-174018296;316096525;22027632;326008960;326008960
RWE.DE;858324;USD;2020;Q3;2020-09-30;2021-03-02;2021-11-11;636666667;636666667;3407783394;-1886722722;1521060671;-949786732;-603984921;;-453280753;571273938;-14018992;-106310692;557254946;;557254946;-61917216;495337730;199770641;682257628;682257628
RWE.DE;858324;USD;2020;Q4;2020-12-31;2021-04-26;2021-11-11;594569855;594569855;5054095763;-5277653277;-223557514;-6184725434;-845981504;;-2315097683;-733099981;-13471665;-73814183;-746571646;;-746571646;160089120;-586482525;3657718;-596162344;-596162344
RWE.DE;858324;USD;2021;Q1;2021-03-31;2021-05-12;2021-05-12;614745000;614745000;5673211134;-4293175708;1380035425;-849716135;-699057246;;-429076516;530319290;225385698;115706026;755704988;;755704988;341091725;1096796713;;1078717647;1078717647
RWE.DE;858324;USD;2021;Q2;2021-06-30;2021-08-12;2021-08-12;671250000;671250000;4504455748;-3332887867;1171567881;-443100699;-765793599;;-1389505996;728467182;349182616;63816133;1077649798;;1077649798;-464774102;612875695;;646589878;646589878
RWE.DE;858324;USD;2021;Q3;2021-09-30;2021-11-11;2021-11-11;677832512;677832512;5665045669;-4608670868;1056374801;1292172748;-773417265;;-426794283;2348547549;-64844435;-93140188;2283703113;;2283703113;-623685569;1660017544;;1622289873;1622289873
RWE.DE;858324;USD;2021;Q4;2021-12-31;2022-03-15;2021-11-11;637286000;637286000;13146716309;-8696220437;4450495871;-9435059624;-719091750;;-566556129;-2315781606;-22381473;-99109673;-2338163080;;-2338163080;-59854887;-2398017966;;-2506540697;-2506540697
SAP.DE;858325;USD;2020;Q1;2020-03-31;2020-08-31;2021-04-28;1191000000;1191000000;7195530109;-2280809804;4914720305;-3563006705;-2390050332;-1159715096;;1351713599;-98206130;-44137586;1253507468;-16551595;1236955873;-342066298;894889575;;898199894;898199894
SAP.DE;858325;USD;2020;Q2;2020-06-30;2020-11-30;2021-07-21;1180000000;1180000000;7427965404;-2231702796;5196262607;-3784020896;-2475260713;-1276799159;;1412241712;41978878;101467333;1454220591;2219159;1456439749;-481497570;974942179;;953991938;953991938
SAP.DE;858325;USD;2020;Q3;2020-09-30;2021-02-11;2021-10-21;1180000000;1180000000;7634509593;-2206823048;5427686545;-3717369476;-2363368463;-1300261542;;1710317068;697444870;719641608;2407761939;9345994;2417107934;-488328234;1928779699;;1816627761;1816627761
SAP.DE;858325;USD;2020;Q4;2020-12-31;2021-05-14;2021-07-21;1225000000;1225000000;8915021205;-2271787055;6643234151;-3567700136;-2420385846;-1342039741;;3075534015;39530670;107887391;3115064684;8407287;3123471972;-897974201;2225497772;;2197930731;2197930731
SAP.DE;858325;USD;2021;Q1;2021-03-31;2021-04-28;2021-04-28;1215909091;1215909091;7651061032;-2270730779;5380330253;-4032837147;-2613027775;-1411372474;;1347493105;454387210;379660400;1801880315;-189227564;1612652750;-321807387;1290845363;;1254687229;1254687229
SAP.DE;858325;USD;2021;Q2;2021-06-30;2021-07-21;2021-07-21;1180000000;1180000000;8036569259;-2345050431;5691518827;-4498524520;-2917473523;-1575025917;;1192994307;988195063;1027972094;2181189371;-8419464;2172769908;-427805122;1744964785;;1632887648;1632887648
SAP.DE;858325;USD;2021;Q3;2021-09-30;2021-10-21;2021-10-21;1180000000;1180000000;8070184726;-2308461898;5761722828;-4304491517;-2854334145;-1532686653;;1457231310;588315877;569452041;2045547187;15326866;2060874054;-390245601;1670628452;;1656480575;1656480575
SAP.DE;858325;USD;2021;Q4;2021-12-31;2022-03-03;2021-07-21;1142408269;1142408269;9163865336;-2471478179;6692387158;-4998990030;-3363954729;-1617813204;;1693397129;559842517;593554538;2253239645;-3323966;2249915678;-599520950;1650394730;;1669701830;1669701830
SIE.DE;849707;USD;2020;Q2;2020-03-31;2020-09-01;2021-05-07;806335000;817364000;15207775068;-9677000428;5530774641;-4262641249;-2922193216;-1278767312;;1348303911;71269781;193018902;1419573692;;1419573692;-326626078;1092947613;-325861212;718469744;718469744
SIE.DE;849707;USD;2020;Q3;2020-06-30;2020-12-01;2021-08-05;806335000;817364000;14294832067;-9057762456;5237069610;-4034360880;-2774380304;-1197201822;;1239054324;245608101;203755600;1484662425;;1484662425;-450465083;1034197342;-443856793;593644694;593644694
SIE.DE;849707;USD;2020;Q4;2020-09-30;2021-03-03;2021-12-02;806335000;817364000;17216006585;-11238829469;5977177117;-4713393091;-3118193192;-1394739658;;1568346260;73845229;197942739;1642191489;;1642191489;-432720710;1209470779;928030517;2001275214;2001275214
SIE.DE;849707;USD;2021;Q1;2020-12-31;2021-04-26;2022-02-10;804761905;814457831;16780084570;-10435826883;6344257686;-4418322317;-2934815445;-1268851537;;2071423985;271896758;218232924;2343320743;;2343320743;-581954464;1761366278;27428181;1644498374;1644498374
SIE.DE;849707;USD;2021;Q2;2021-03-31;2021-05-07;2022-02-10;804761905;814457831;17665605541;-11352846180;6312759361;-4565894254;-3083830506;-1358687185;;1779981998;610342521;233674967;2390324519;;2390324519;-565196337;1825128182;1047800940;2722346318;2722346318
SIE.DE;849707;USD;2021;Q3;2021-06-30;2021-08-05;2021-08-05;804761905;814457831;19367594418;-12297248479;7070345938;-5113719210;-3539989281;-1468975143;;1999973536;57795743;269713469;2057769279;;2057769279;-399753891;1658015387;126428188;1630321594;1630321594
SIE.DE;849707;USD;2021;Q4;2021-09-30;2021-12-02;2021-08-05;803223000;813366337;20600633295;-13152817110;7447816184;-5593855573;-3813760490;-1709245241;;1913886292;256190585;281110087;2170076877;;2170076877;-676472268;1493604609;66144762;1367015526;1367015526
SIE.DE;849707;USD;2022;Q1;2021-12-31;2022-02-10;2022-02-10;803223000;813366337;18866309909;-11770143758;7096166150;-4882116566;-3354239374;-1430669436;;2247214582;551225154;235585854;2798439737;;2798439737;-727342735;2071097002;-17154309;1878968732;1878968732
VNA.DE;858328;USD;2020;Q1;2020-03-31;2020-08-31;2021-05-04;548611111;548611111;1033371254;-433762135;599609118;-186481304;;;-21296385;452079234;-94344092;-97433723;357735142;-6730982;351004160;-117516325;233487834;;226094789;217929335
VNA.DE;858328;USD;2020;Q2;2020-06-30;2020-11-30;2021-03-02;542031873;542031873;1032435132;-435706569;596728562;1844263525;;;-25221639;2471500358;-121592531;-123464879;2349907827;-10683401;2339224426;-790131175;1549093250;;1506579920;1498429696
VNA.DE;858328;USD;2020;Q3;2020-09-30;2021-03-02;2021-03-02;553404255;553404255;1072336091;-500711677;571624413;-41472852;;;-28271634;584825631;-122432533;-107829416;462393098;-7126321;455266777;-135750576;319516201;;312740354;303861659
VNA.DE;858328;USD;2020;Q4;2020-12-31;2021-04-26;2021-04-26;557616841;557616841;1119895847;-603971571;515924275;2118685369;;;-30632272;2697089915;-140328274;-115223696;2556761640;-21001564;2535760076;-852868364;1682891712;;1658784218;1638344520
VNA.DE;858328;USD;2021;Q1;2021-03-31;2021-05-04;2021-05-04;572439024;572439024;1209610090;-511758115;697851975;-194410230;;;-25551747;541287257;-86056357;-92564821;455230899;-3977394;451253505;-153551539;297701965;;291796136;282877130
VOW.DE;858327;USD;2020;Q1;2020-03-31;2020-08-31;2021-05-05;501295263;501295263;60748767775;-50564019590;10184748184;-9187238720;-7632492220;;;997509464;-244963607;-387307325;752545857;;752545857;-182067546;570478311;;577098949;447996507
VOW.DE;858327;USD;2020;Q2;2020-06-30;2020-11-30;2021-03-02;501295263;501295263;45240351491;-41196078176;4044273314;-6680980916;-6933197308;;;-2636707602;396497383;-743432594;-2240210218;;-2240210218;548488047;-1691722170;;-1635551708;-1769920266
VOW.DE;858327;USD;2020;Q3;2020-09-30;2021-03-02;2021-03-02;501295263;501295263;69341441000;-57160104882;12181336118;-8462798392;-8016527135;;;3718537725;494169480;-504683725;4212707206;;4212707206;-1000021455;3212685751;;3188152514;3016419857
VOW.DE;858327;USD;2020;Q4;2020-12-31;2021-01-28;2022-03-15;501295263;501295263;79426130722;-61232219150;18193911573;-9064161084;-9148899585;;;9129750488;1639888081;-69742288;10769638569;;10769638569;-2654110034;8115528535;;8122982604;7948972572
VOW.DE;858327;USD;2021;Q1;2021-03-31;2021-05-05;2021-05-05;501295263;501295263;75179991016;-60321408721;14858582295;-9057612422;-8423639816;;;5800969872;-420639618;-1046175327;5380330253;;5380330253;-1264329398;4116000854;;4073816365;3909899494
VOW.DE;858327;USD;2021;Q2;2021-06-30;2021-07-29;2021-05-05;501295263;501295263;81092524326;-66003966335;15088557991;-7201265987;-8447462315;;;7887292004;173580833;-284326619;8060872838;;8060872838;-1988410415;6072462423;;6017028562;5856756100
VOW.DE;858327;USD;2021;Q3;2021-09-30;2021-10-28;2021-07-29;501295263;501295263;66947518611;-56498315258;10449203352;-7447311939;-8603153481;;;3001891413;580814000;-485413528;3582705414;;3582705414;-186494039;3396211375;;3388559263;3229461474
VOW.DE;858327;USD;2021;Q4;2021-12-31;2022-03-15;2021-10-28;501295263;501295263;72628124386;-57164504603;15463619783;-9362113393;-9582923438;;;6101506391;671324459;624009225;6772830849;;6772830849;-2115900631;4656930218;;4707808133;4553756497
